{"scope.version":"2","timeline.animationMode":"proMode","viewport.width":300,"viewport.height":600,"stage.mask":false,"design.scrollleft":188,"design.scrolltop":360,"library.openDirectories":[],"library.GroupsPath":{},"library.downloadedAssets":{},"design.zoom":1,"tool.text.optionsState":{"fontName":"mr-eaves-sans, sans-serif","fontSize":"43px","fontWeight":"800","fontStyle":"normal","letterSpacing":"0px","lineHeight":"51.6px","alignLeft":false,"alignCenter":true,"alignRight":false,"alignJustify":false,"verticalAlignCenter":false,"foreColor":"rgb(255, 255, 255)","tagName":"span","orderedList":false,"unorderedList":false},"preview.bundleId":"81003405","publish.dbm.flatten":true,"publish.dbm.minify":true,"publish.dbm.inlineFiles":true,"publish.dbm.createZip":true,"publish.dbm.politeLoad":true,"publish.dbm.exportMozilla":true,"publish.dbm.exportWebkit":true,"publish.dbm.borderColor":"rgba(0,0,0,1)","publish.dbm.addBorder":false,"publish.dbm.isCustomFormat":false,"":false,"timeline.zoomLevel":320,"publish.local.isResponsivePublishedAsFixedSized":false,"publish.local.location":"/Users/juan.hilarion/Downloads/","publish.local.name":"Catcher_Game_Template","publish.local.flatten":true,"publish.local.minify":true,"publish.local.inlineFiles":true,"publish.local.createZip":true,"publish.local.politeLoad":true,"publish.local.exportMozilla":true,"publish.local.exportWebkit":true,"publish.local.borderColor":"rgba(0,0,0,1)","publish.local.addBorder":false,"publish.local.skipLoadingDelay":false,"eventsPanel.layout":"{\"targetColumnWidth\":196,\"typeColumnWidth\":99,\"actionColumnWidth\":278,\"eventScope\":0}","design.userpaddingleft":-326,"design.userpaddingtop":-600,"ruler.guides.horizontal":[],"ruler.guides.vertical":[],"ruler.guides.show":true,"ruler.guides.lock":false,"timeline.previewRanges":{"Start_Page":{"startMs":0},"End_Page":{"startMs":0,"endMs":2400}}}