{"scope.version":"2","timeline.animationMode":"proMode","viewport.width":300,"viewport.height":600,"stage.mask":false,"design.scrollleft":34,"design.scrolltop":600,"library.openDirectories":[],"library.GroupsPath":{},"library.downloadedAssets":{},"design.zoom":1,"tool.text.optionsState":{"fontName":"mr-eaves-sans, sans-serif","fontSize":"22px","fontWeight":"normal","fontStyle":"normal","letterSpacing":"0px","lineHeight":"19.2px","alignLeft":true,"alignCenter":false,"alignRight":false,"alignJustify":false,"verticalAlignCenter":false,"foreColor":"rgb(0, 0, 0)","tagName":"div","orderedList":false,"unorderedList":false},"preview.bundleId":"81003405","publish.dbm.flatten":true,"publish.dbm.minify":true,"publish.dbm.inlineFiles":true,"publish.dbm.createZip":true,"publish.dbm.politeLoad":true,"publish.dbm.exportMozilla":true,"publish.dbm.exportWebkit":true,"publish.dbm.borderColor":"rgba(0,0,0,1)","publish.dbm.addBorder":false,"publish.dbm.isCustomFormat":false,"":false,"timeline.zoomLevel":75,"eventsPanel.layout":"{\"targetColumnWidth\":230,\"typeColumnWidth\":127,\"actionColumnWidth\":75,\"eventScope\":0}","publish.local.isResponsivePublishedAsFixedSized":false,"publish.local.location":"/Users/juan.hilarion/Downloads/","publish.local.name":"Template_Puzzle_Game_300x600","publish.local.flatten":true,"publish.local.minify":true,"publish.local.inlineFiles":true,"publish.local.createZip":true,"publish.local.politeLoad":true,"publish.local.exportMozilla":true,"publish.local.exportWebkit":true,"publish.local.borderColor":"rgba(0,0,0,1)","publish.local.addBorder":false,"publish.local.skipLoadingDelay":false,"design.userpaddingleft":-300,"design.userpaddingtop":-600}