{"scope.version":"2","timeline.animationMode":"proMode","viewport.width":300,"viewport.height":600,"stage.mask":false,"design.scrollleft":190,"design.scrolltop":576,"library.openDirectories":[],"library.GroupsPath":{},"library.downloadedAssets":{},"design.zoom":0.75,"tool.text.optionsState":{"fontName":"Arial Black","fontSize":"26px","fontWeight":"bold","fontStyle":"normal","letterSpacing":"0px","lineHeight":"31.2px","alignLeft":false,"alignCenter":true,"alignRight":false,"alignJustify":false,"verticalAlignCenter":false,"foreColor":"rgb(255, 255, 255)","tagName":"span","orderedList":false,"unorderedList":false},"preview.bundleId":"81003405","publish.dbm.flatten":true,"publish.dbm.minify":true,"publish.dbm.inlineFiles":true,"publish.dbm.createZip":true,"publish.dbm.politeLoad":true,"publish.dbm.exportMozilla":true,"publish.dbm.exportWebkit":true,"publish.dbm.borderColor":"rgba(0,0,0,1)","publish.dbm.addBorder":false,"publish.dbm.isCustomFormat":false,"":false,"timeline.zoomLevel":75,"publish.local.isResponsivePublishedAsFixedSized":false,"publish.local.location":"/Users/juan.hilarion/Downloads/","publish.local.name":"Catcher_Game_Template","publish.local.flatten":true,"publish.local.minify":true,"publish.local.inlineFiles":true,"publish.local.createZip":true,"publish.local.politeLoad":true,"publish.local.exportMozilla":true,"publish.local.exportWebkit":true,"publish.local.borderColor":"rgba(0,0,0,1)","publish.local.addBorder":false,"publish.local.skipLoadingDelay":false,"eventsPanel.layout":"{\"targetColumnWidth\":196,\"typeColumnWidth\":99,\"actionColumnWidth\":278,\"eventScope\":0}","design.userpaddingleft":-370,"design.userpaddingtop":-600}